﻿<?xml version="1.0" encoding="UTF-8" standalone="yes"?>
<addon id="plugin.video.Raiden" name="[COLOR blue][B]BR[/B][/COLOR][COLOR white][B]-[/B][/COLOR][COLOR yellow][B]Play[/B][/COLOR]" version="2.0.0" provider-name="TV">
  <extension point="xbmc.python.pluginsource" library="default.py">
        <provides>video</provides>
  </extension>
  <extension point="xbmc.addon.metadata">
    <description lang="en">TV.</description>
    <platform>all</platform>
	<news>
	</news>
  </extension>
</addon>
